{
  "n": 2048,
  "sketch_sizes": [
    50,
    100,
    150,
    200,
    250,
    300,
    350
  ],
  "optimized": {
    "gaussian": [
      0.002383790910243988,
      0.00377091602422297,
      0.005036625079810619,
      0.006700624944642186,
      0.008319250075146556,
      0.009768916992470622,
      0.010997500037774444
    ],
    "srht": [
      0.04884037491865456,
      0.050169500056654215,
      0.04974291590042412,
      0.05130216712132096,
      0.05115920794196427,
      0.049675167072564363,
      0.050423374865204096
    ],
    "srft": [
      0.028372833039611578,
      0.029328082920983434,
      0.02947304188273847,
      0.030360749922692776,
      0.03000854211859405,
      0.030242500128224492,
      0.03286316688172519
    ]
  },
  "naive": {
    "gaussian": [
      38.027357916813344,
      75.1933035000693,
      112.15313412505202,
      148.308444541879,
      185.25700458418578,
      228.95152699993923,
      262.73650062503293
    ],
    "srht": [
      3.8264887500554323,
      3.8623455411288887,
      3.880986124975607,
      3.813429041998461,
      3.8176349168643355,
      3.90350649994798,
      3.7964343749918044
    ],
    "srft": [
      14.848372332984582,
      14.907437334069982,
      14.873432625085115,
      14.7442971249111,
      14.669854583917186,
      14.617958208080381,
      14.66393612511456
    ]
  }
}