{
  "q_values": [
    0,
    1,
    2,
    3,
    4,
    5,
    6,
    7,
    8,
    9,
    10
  ],
  "simultaneous": [
    0.18772667666277743,
    0.023071893441547697,
    0.008402879892118076,
    0.004533202875112385,
    0.0029947537514909417,
    0.0022497687573939107,
    0.0018339750238542951,
    0.0015676482235107425,
    0.00137183641243932,
    0.0012098747940032517,
    0.0010657706179695303
  ],
  "krylov": [
    0.18772667666277743,
    0.01815237193738639,
    0.002090656657193435,
    0.00011237752810799861,
    2.902123633408138e-06,
    3.39273524829764e-08,
    2.604882975987266e-10,
    4.5139891824419465e-11,
    4.085620730620576e-11,
    3.832556494387518e-11,
    3.659517133769441e-11
  ],
  "m": 2000,
  "n": 3000,
  "k": 30,
  "decay_rate": 0.5
}