{
  "results": {
    "sketch_sizes": [
      40,
      60,
      80,
      100,
      150,
      200,
      300,
      400,
      500
    ],
    "sparsity_levels": [
      1,
      2,
      4,
      8,
      16,
      32,
      64
    ],
    "gaussian": {
      "times": [
        0.4220663330052048,
        0.5270927499514073,
        0.6137800000142306,
        0.6272103330120444,
        0.8656174999196082,
        1.0509987908881158,
        1.4403227919247001,
        1.9034936670213938,
        2.3886172079946846
      ],
      "errors": [
        0.9922002498677102,
        0.9911354993363323,
        0.9895721272308722,
        0.9890464836498604,
        0.9870257350759383,
        0.9855487179387857,
        0.9830566084774703,
        0.9813013491574694,
        0.9798551575524894
      ]
    },
    "optimal_error": 0.9689239210287101,
    "sparse_s1": {
      "times": [
        0.13220049999654293,
        0.1919272500090301,
        0.24087808304466307,
        0.2864519578870386,
        0.46722799981944263,
        0.5182642920408398,
        0.7996979160234332,
        1.077563292114064,
        1.4202257920987904
      ],
      "errors": [
        0.9972929921638611,
        0.9961921236086851,
        0.9953837953844333,
        0.9949238471676016,
        0.9929204952963521,
        0.9920645119743283,
        0.9906368129298924,
        0.988867539497412,
        0.9880522974926459
      ]
    },
    "sparse_s2": {
      "times": [
        0.153836291981861,
        0.19073645817115903,
        0.2289297499228269,
        0.2942615000065416,
        0.47135866712778807,
        0.5424195420928299,
        0.8090479169040918,
        1.0855392501689494,
        1.664055832894519
      ],
      "errors": [
        0.9956981139043467,
        0.9945539902327862,
        0.9935354476583917,
        0.9928191232336077,
        0.9914968631226068,
        0.9908918463790318,
        0.9884668346076849,
        0.9865391829972959,
        0.9854976956059887
      ]
    },
    "sparse_s4": {
      "times": [
        0.13607116602361202,
        0.19008879107423127,
        0.22949824994429946,
        0.3091072500683367,
        0.40955933392979205,
        0.5334767501335591,
        0.7827447920572013,
        1.104191750055179,
        1.575717750005424
      ],
      "errors": [
        0.9942456361392378,
        0.9937007217292833,
        0.9918071772425898,
        0.9913014228066754,
        0.9886905853704263,
        0.9868032511919054,
        0.9844188723504582,
        0.9833118559421072,
        0.9823405998190848
      ]
    },
    "sparse_s8": {
      "times": [
        0.16234762500971556,
        0.1919908330310136,
        0.22396954195573926,
        0.2988222080748528,
        0.4584126251284033,
        0.5163036659359932,
        0.8329531659837812,
        1.1020923329051584,
        1.5566049590706825
      ],
      "errors": [
        0.9940834879936156,
        0.9920738643271079,
        0.9914233185521395,
        0.9903945508580894,
        0.988550092270546,
        0.9865281648326248,
        0.9846520110623459,
        0.9831084170809694,
        0.9816464379542165
      ]
    },
    "sparse_s16": {
      "times": [
        0.13805633317679167,
        0.19979862496256828,
        0.22781074978411198,
        0.29347333312034607,
        0.41758945817127824,
        0.5707114159595221,
        0.8048079591244459,
        1.0907935409341007,
        1.5884381248615682
      ],
      "errors": [
        0.9931171952137371,
        0.9917191898764628,
        0.9894642570806378,
        0.9882442064170595,
        0.9861638936446973,
        0.9853383124874021,
        0.9835229166922123,
        0.9820722795691632,
        0.9806114907198403
      ]
    },
    "sparse_s32": {
      "times": [
        0.184644958935678,
        0.19441237510181963,
        0.22540650004521012,
        0.3778859998565167,
        0.4714403331745416,
        0.5190439999569207,
        0.796082166954875,
        1.1591996250208467,
        1.4967002079356462
      ],
      "errors": [
        0.9927415348523867,
        0.9909751669249662,
        0.9894468907694624,
        0.9883844723388739,
        0.9864179836724091,
        0.9850650547907772,
        0.9831062516872218,
        0.9814165918707487,
        0.9799417639921425
      ]
    },
    "sparse_s64": {
      "times": [
        0.17047020909376442,
        0.2554854159243405,
        0.2415822499897331,
        0.32227124995552003,
        0.42921816697344184,
        0.5346844578161836,
        0.7962877920363098,
        1.1779631250537932,
        1.527426291955635
      ],
      "errors": [
        0.9927636310186474,
        0.9910205519441548,
        0.9899662033474992,
        0.9889715011552815,
        0.986678453980369,
        0.9851877730253716,
        0.9828766707935817,
        0.9813966573624802,
        0.9801455447025625
      ]
    },
    "svd_time": 0.27723183389753103
  },
  "m": 18846,
  "n": 15000,
  "k": 30,
  "density": 0.003572984541370406,
  "sparsity_levels": [
    1,
    2,
    4,
    8,
    16,
    32,
    64
  ],
  "dataset": "20newsgroups"
}