{
  "results": {
    "sketch_sizes": [
      40,
      60,
      80,
      100,
      150,
      200,
      300,
      400,
      500
    ],
    "sparsity_levels": [
      1,
      2,
      4,
      8,
      16,
      32,
      64
    ],
    "gaussian": {
      "times": [
        0.3820003340006224,
        0.44066154200118035,
        0.4941605419953703,
        0.6248613749994547,
        0.7831827499976498,
        0.9645267919986509,
        1.3542797500049346,
        1.7747969580013887,
        2.2953457909970894
      ],
      "errors": [
        0.9922002498677102,
        0.9911354993363323,
        0.9895721272308722,
        0.9890464836498604,
        0.9870257350759383,
        0.9855487179387857,
        0.9830566084774703,
        0.9813013491574694,
        0.9798551575524894
      ]
    },
    "optimal_error": 0.9689239210287101,
    "sparse_s1": {
      "times": [
        0.12159925000014482,
        0.16296179199707694,
        0.24656345800030977,
        0.2713635420004721,
        0.37127591599710286,
        0.49247729199851165,
        0.737517082998238,
        0.992129375001241,
        1.3733121660043253
      ],
      "errors": [
        0.9972929921638611,
        0.9961921236086851,
        0.9953837953844333,
        0.9949238471676016,
        0.9929204952963521,
        0.9920645119743283,
        0.9906368129298924,
        0.988867539497412,
        0.9880522974926459
      ]
    },
    "sparse_s2": {
      "times": [
        0.15157604099658784,
        0.17001883400371298,
        0.21225795899954392,
        0.26322000000072876,
        0.3676667500039912,
        0.49486462499771733,
        0.729227957999683,
        0.9949955420015613,
        1.3812784580004518
      ],
      "errors": [
        0.9956981139043467,
        0.9945539902327862,
        0.9935354476583917,
        0.9928191232336077,
        0.9914968631226068,
        0.9908918463790318,
        0.9884668346076849,
        0.9865391829972959,
        0.9854976956059887
      ]
    },
    "sparse_s4": {
      "times": [
        0.12263620900193928,
        0.1666321670054458,
        0.23795433300256263,
        0.2645593339984771,
        0.37437691699597053,
        0.4856826670002192,
        0.7348999590030871,
        1.0008557080000173,
        1.366832167004759
      ],
      "errors": [
        0.9942456361392378,
        0.9937007217292833,
        0.9918071772425898,
        0.9913014228066754,
        0.9886905853704263,
        0.9868032511919054,
        0.9844188723504582,
        0.9833118559421072,
        0.9823405998190848
      ]
    },
    "sparse_s8": {
      "times": [
        0.12531808300263947,
        0.16721249999682186,
        0.21749724999972386,
        0.2859352920058882,
        0.4081728750024922,
        0.48326012500183424,
        0.7327941249968717,
        0.9990724169983878,
        1.3634164169998257
      ],
      "errors": [
        0.9940834879936156,
        0.9920738643271079,
        0.9914233185521395,
        0.9903945508580894,
        0.988550092270546,
        0.9865281648326248,
        0.9846520110623459,
        0.9831084170809694,
        0.9816464379542165
      ]
    },
    "sparse_s16": {
      "times": [
        0.12277554200409213,
        0.16945391699846368,
        0.20724541699746624,
        0.2757619580006576,
        0.3920690410013776,
        0.4942807499974151,
        0.7420272499948624,
        1.0066201249937876,
        1.3738211250019958
      ],
      "errors": [
        0.9931171952137371,
        0.9917191898764628,
        0.9894642570806378,
        0.9882442064170595,
        0.9861638936446973,
        0.9853383124874021,
        0.9835229166922123,
        0.9820722795691632,
        0.9806114907198403
      ]
    },
    "sparse_s32": {
      "times": [
        0.12553658300021198,
        0.17650804099685047,
        0.23475066699757008,
        0.28743341699737357,
        0.38631162499950733,
        0.49287854099384276,
        0.7425320420006756,
        1.0152483330020914,
        1.389331874997879
      ],
      "errors": [
        0.9927415348523867,
        0.9909751669249662,
        0.9894468907694624,
        0.9883844723388739,
        0.9864179836724091,
        0.9850650547907772,
        0.9831062516872218,
        0.9814165918707487,
        0.9799417639921425
      ]
    },
    "sparse_s64": {
      "times": [
        0.153607957996428,
        0.17047308299515862,
        0.2345202920041629,
        0.27317083300295053,
        0.39106804100447334,
        0.5039842080004746,
        0.7529779169999529,
        1.0293374590037274,
        1.4310015000010026
      ],
      "errors": [
        0.9927636310186474,
        0.9910205519441548,
        0.9899662033474992,
        0.9889715011552815,
        0.986678453980369,
        0.9851877730253716,
        0.9828766707935817,
        0.9813966573624802,
        0.9801455447025625
      ]
    },
    "svd_time": 0.22093100000347476
  },
  "m": 18846,
  "n": 15000,
  "k": 30,
  "density": 0.003572984541370406,
  "sparsity_levels": [
    1,
    2,
    4,
    8,
    16,
    32,
    64
  ],
  "dataset": "20newsgroups"
}