{
  "results": {
    "densities": [
      0.1,
      0.05,
      0.02,
      0.01,
      0.005,
      0.002,
      0.001
    ],
    "nnz": [
      60000000,
      30000000,
      12000000,
      6000000,
      3000000,
      1200000,
      600000
    ],
    "gaussian": [
      0.37998387499828823,
      0.3705999170051655,
      0.3750062920007622,
      0.37052391600445844,
      0.39246724999975413,
      0.3722009160046582,
      0.38179924999712966
    ],
    "countsketch": [
      0.05891529200016521,
      0.03008241600036854,
      0.013090124994050711,
      0.006855790998088196,
      0.004249124998750631,
      0.0024139169981935993,
      0.001454999997804407
    ],
    "sparse_sign": [
      0.0835710419996758,
      0.043355791000067256,
      0.019442291995801497,
      0.010894250001001637,
      0.007380334005574696,
      0.0051345000028959475,
      0.0035640839996631257
    ]
  },
  "m": 20000,
  "n": 30000,
  "l": 100,
  "sparsity_s": 4
}