{
  "n": 500,
  "k": 50,
  "p": 20,
  "true_sigma": [
    1.0,
    0.7071067811865475,
    0.5773502691896258,
    0.5,
    0.4472135954999579,
    0.4082482904638631,
    0.3779644730092272,
    0.35355339059327373,
    0.3333333333333333,
    0.31622776601683794,
    0.30151134457776363,
    0.2886751345948129,
    0.2773500981126146,
    0.2672612419124244,
    0.2581988897471611,
    0.25,
    0.24253562503633297,
    0.23570226039551587,
    0.22941573387056174,
    0.22360679774997896,
    0.2182178902359924,
    0.21320071635561041,
    0.20851441405707477,
    0.20412414523193154,
    0.2,
    0.19611613513818404,
    0.19245008972987526,
    0.1889822365046136,
    0.18569533817705186,
    0.18257418583505536,
    0.1796053020267749,
    0.17677669529663687,
    0.17407765595569785,
    0.17149858514250882,
    0.1690308509457033,
    0.16666666666666666,
    0.1643989873053573,
    0.16222142113076254,
    0.16012815380508713,
    0.15811388300841897,
    0.15617376188860607,
    0.1543033499620919,
    0.15249857033260467,
    0.15075567228888181,
    0.14907119849998599,
    0.14744195615489714,
    0.14586499149789456,
    0.14433756729740646,
    0.14285714285714285,
    0.1414213562373095
  ],
  "methods": {
    "q=0 (Naive)": {
      "sigma": [
        0.9746743531284033,
        0.6808584876432202,
        0.5369986318548681,
        0.47209217350185795,
        0.4084505117486203,
        0.3608368603542756,
        0.32817254002823787,
        0.3046503579118189,
        0.28058723307834893,
        0.26493152934754194,
        0.2480396016878256,
        0.24583829904759946,
        0.23508065088579466,
        0.22968858855253663,
        0.21596678087752133,
        0.2043391255988909,
        0.1932963137626915,
        0.180010844954709,
        0.1757031744318518,
        0.1727774969160005,
        0.1708382706693071,
        0.16127736499970075,
        0.1567843013191829,
        0.15307356153604665,
        0.15208151881301496,
        0.14906684489802557,
        0.14257880026810427,
        0.1397716340671909,
        0.13587511704815902,
        0.13343020943897502,
        0.13150410540669527,
        0.13015397184681976,
        0.12657865440517052,
        0.12564610399011517,
        0.12419436171523422,
        0.1209658631393052,
        0.11914536337407627,
        0.11679391509549324,
        0.11432059237084463,
        0.11331531799022034,
        0.11058972175089025,
        0.10926438615992216,
        0.10742352173938785,
        0.10467426860122807,
        0.1038528554099109,
        0.10255301299925061,
        0.10122755762502546,
        0.09736792000269101,
        0.09702573457520475,
        0.0942974477235377
      ],
      "std": [
        0.0,
        0.0,
        0.0,
        0.0,
        0.0,
        5.551115123125783e-17,
        0.0,
        0.0,
        0.0,
        0.0,
        0.0,
        0.0,
        0.0,
        0.0,
        0.0,
        0.0,
        0.0,
        0.0,
        0.0,
        0.0,
        0.0,
        0.0,
        0.0,
        0.0,
        0.0,
        0.0,
        0.0,
        0.0,
        0.0,
        0.0,
        0.0,
        0.0,
        0.0,
        0.0,
        0.0,
        1.3877787807814457e-17,
        0.0,
        1.3877787807814457e-17,
        0.0,
        0.0,
        0.0,
        0.0,
        0.0,
        0.0,
        0.0,
        1.3877787807814457e-17,
        0.0,
        0.0,
        0.0,
        1.3877787807814457e-17
      ]
    },
    "q=1": {
      "sigma": [
        0.9999971859078935,
        0.7070940600871186,
        0.5773106809272045,
        0.4999459151120384,
        0.4470446534241476,
        0.407972371300975,
        0.37767553344468646,
        0.3530401850056432,
        0.33245224882668334,
        0.31556834830498276,
        0.30035129341117356,
        0.2879217646746847,
        0.27655914611606053,
        0.266184925538651,
        0.2567410404459162,
        0.2482873374729784,
        0.24072821228517438,
        0.23384246529956912,
        0.22689123317040774,
        0.2188909851469798,
        0.21484678729706777,
        0.21063665498734366,
        0.20465182239360347,
        0.20062902822986414,
        0.19524130458749292,
        0.19038338976811134,
        0.1856061281025028,
        0.1842561901881877,
        0.17557513399777633,
        0.17378430064665026,
        0.17206056185386362,
        0.16891973256403117,
        0.16519852906273352,
        0.16361439470355185,
        0.1615937775266229,
        0.15981510378541539,
        0.1539321321922868,
        0.15339375259599763,
        0.1508501435438173,
        0.14914652297462155,
        0.14435465105889614,
        0.14326236004015203,
        0.14165707872881972,
        0.13870993009013,
        0.13618933342312367,
        0.13460419973695686,
        0.13371830734894657,
        0.13294270264972857,
        0.1289687410766295,
        0.12779349301808673
      ],
      "std": [
        0.0,
        0.0,
        0.0,
        0.0,
        0.0,
        5.551115123125783e-17,
        5.551115123125783e-17,
        0.0,
        0.0,
        0.0,
        0.0,
        0.0,
        0.0,
        0.0,
        0.0,
        0.0,
        0.0,
        2.7755575615628914e-17,
        2.7755575615628914e-17,
        0.0,
        0.0,
        0.0,
        0.0,
        0.0,
        0.0,
        0.0,
        0.0,
        0.0,
        0.0,
        0.0,
        2.7755575615628914e-17,
        2.7755575615628914e-17,
        0.0,
        0.0,
        0.0,
        0.0,
        0.0,
        0.0,
        0.0,
        0.0,
        0.0,
        0.0,
        0.0,
        0.0,
        0.0,
        0.0,
        0.0,
        0.0,
        0.0,
        0.0
      ]
    },
    "q=2": {
      "sigma": [
        0.9999999995336634,
        0.7071067724358847,
        0.5773502160534802,
        0.4999998692873338,
        0.44721278475915466,
        0.40824650927579337,
        0.37796233254631684,
        0.3535470991901229,
        0.3333213418838875,
        0.31621836126788033,
        0.30148825082527503,
        0.2886539272087573,
        0.2773291505011443,
        0.26722678431060015,
        0.25814264599499614,
        0.24993241207715597,
        0.2424690556173871,
        0.2356080386931271,
        0.22929716494840444,
        0.22327155059593928,
        0.2179799084657977,
        0.2130140501812965,
        0.2082595764263395,
        0.2037469778054729,
        0.19941370268413947,
        0.19537061357128038,
        0.1910457675224145,
        0.18812848371483928,
        0.18389639847890793,
        0.1813549570865526,
        0.17866145089015875,
        0.175675905695293,
        0.17254845817562606,
        0.17033059500507827,
        0.1679630455464939,
        0.16499358152321303,
        0.16252503790095413,
        0.1601627882760597,
        0.15668072697883575,
        0.15584990446495342,
        0.15320424160867427,
        0.15059279209881626,
        0.15019632633880012,
        0.14750085868541968,
        0.14511948262494173,
        0.14418806892158073,
        0.14283291405591989,
        0.14098715115214794,
        0.13802063758777217,
        0.13664322060663503
      ],