{
  "q_values": [
    0,
    1,
    2,
    3,
    4,
    5,
    6,
    7,
    8,
    9,
    10,
    11,
    12,
    13,
    14,
    15,
    16,
    17,
    18,
    19,
    20,
    21,
    22,
    23,
    24,
    25
  ],
  "simult": {
    "times": [
      0.015440416056662798,
      0.04077729186974466,
      0.06558954203501344,
      0.09005304099991918,
      0.1149712500628084,
      0.14152341708540916,
      0.1643045418895781,
      0.18871100014075637,
      0.21685895905829966,
      0.23996429098770022,
      0.263994500041008,
      0.28842320782132447,
      0.31222233292646706,
      0.33755183313041925,
      0.3617885001003742,
      0.3887144580949098,
      0.4097517500631511,
      0.43907495797611773,
      0.4608378750272095,
      0.48643529205583036,
      0.5100227908696979,
      0.5347382922191173,
      0.5609945841133595,
      0.5844728748779744,
      0.6108872499316931,
      0.6334407499525696
    ],
    "frob": [
      0.1620435530871398,
      0.016836919387346105,
      0.006166046110987811,
      0.0031629975904921004,
      0.001930946187188587,
      0.0013173691855890013,
      0.0009561500067445383,
      0.0007176672569728648,
      0.0005490238562073646,
      0.00042508363194571075,
      0.000331995833932508,
      0.00026113351368106663,
      0.00020666602731034267,
      0.0001644675377621141,
      0.0001315464637781094,
      0.00010525598802701985,
      8.110593282939504e-05,
      6.34636189156268e-05,
      5.029240308140892e-05,
      4.026127279321834e-05,
      3.248963154889317e-05,
      2.638306965141446e-05,
      2.1530445461159786e-05,
      1.7639915621092683e-05,
      1.449902996131236e-05,
      1.1949537138677968e-05
    ],
    "spec": [
      1.6014886204314456,
      0.22204545451306568,
      0.10843364352255946,
      0.0778963581452401,
      0.05922734490208614,
      0.04253228159429745,
      0.02493127837673681,
      0.013374882830223367,
      0.008905906693134735,
      0.004966549596447933,
      0.001230224724529272,
      1e-10,
      1e-10,
      1e-10,
      1e-10,
      1e-10,
      1e-10,
      1e-10,
      1e-10,
      1e-10,
      1e-10,
      1e-10,
      1e-10,
      1e-10,
      1e-10,
      1e-10
    ],
    "pervec": [
      19.398945307511404,
      6.0085897980412435,
      4.521360760911601,
      2.9342620902987613,
      1.9680854979543765,
      0.7610835046885965,
      0.6771916144430045,
      0.5523594717433332,
      0.41756079576947797,
      0.39403484984860276,
      0.3717195345037592,
      0.35010114119731245,
      0.3285045073402301,
      0.3063086473059354,
      0.28307643036872165,
      0.25863400320498126,
      0.238040378583306,
      0.23449118130014923,
      0.2310963665617972,
      0.22768682490952694,
      0.22411384438369722,
      0.22024071149683325,
      0.21593802372492374,
      0.21108209165715822,
      0.2055561953092729,
      0.19925463056875375
    ]
  },
  "krylov": {
    "times": [
      0.030731082893908024,
      0.0670549999922514,
      0.10381516604684293,
      0.14104370796121657,
      0.18234975007362664,
      0.218761834083125,
      0.25543504185043275,
      0.2972174589522183,
      0.32764366595074534,
      0.36449354188516736,
      0.4112956668250263,
      0.44370058295316994,
      0.4897213338408619,
      0.519495917018503,
      0.6045607919804752,
      0.6130425829906017,
      0.654363458044827,
      0.7200456249993294,
      0.7274799169972539,
      0.7602217919193208,
      0.8558752499520779,
      0.8466287089977413,
      0.8999852079432458,
      0.9452525831293315,
      0.9826356249395758,
      1.0121486668940634
    ],
    "frob": [
      0.1620435530871398,
      0.014136285603883136,
      0.001984691321238463,
      0.00013762121984983722,
      4.530866539509404e-06,
      6.121022599892001e-08,
      5.395883739822693e-10,
      1e-10,
      1e-10,
      1e-10,
      1e-10,
      1e-10,
      1e-10,
      1e-10,
      1e-10,
      1e-10,
      1e-10,
      1e-10,
      1e-10,
      1e-10,
      1e-10,
      1e-10,
      1e-10,
      1e-10,
      1e-10,
      1e-10
    ],
    "spec": [
      1.6014886204314456,
      0.17509307593322676,
      0.02866351245138654,
      1e-10,
      1e-10,
      1e-10,
      1e-10,
      1e-10,
      1e-10,
      1e-10,
      1e-10,
      1e-10,
      1e-10,
      1e-10,
      1e-10,
      1e-10,
      1e-10,
      1e-10,
      1e-10,
      1e-10,
      1e-10,
      1e-10,
      1e-10,
      1e-10,
      1e-10,
      1e-10
    ],
    "pervec": [
      5.49091785125314,
      0.4152389803302951,
      0.10985574658994073,
      0.010521116858761217,
      0.0004241054217027431,
      8.73795817803863e-06,
      7.634456868771399e-08,
      5.344021267172927e-10,
      1e-10,
      1e-10,
      1e-10,
      1e-10,
      1e-10,
      1e-10,
      1e-10,
      1e-10,
      1e-10,
      1e-10,
      1e-10,
      1e-10,
      1e-10,
      1e-10,
      1e-10,
      1e-10,
      1e-10,
      1e-10
    ]
  },
  "m": 5000,
  "n": 10000,
  "k": 20,
  "decay_rate": 0.5,
  "spectral_gap": 1.0246950765959597
}