{
  "q_values": [
    0,
    1,
    2,
    3,
    4,
    5,
    6,
    7,
    8,
    9,
    10,
    11,
    12,
    13,
    14,
    15,
    16,
    17,
    18,
    19,
    20,
    21,
    22,
    23,
    24,
    25
  ],
  "simult": {
    "times": [
      0.018196958117187023,
      0.03849441697821021,
      0.060750999953597784,
      0.08140016696415842,
      0.10399774997495115,
      0.12321091582998633,
      0.14472291618585587,
      0.16579462517984211,
      0.1845606251154095,
      0.20768358279019594,
      0.22328770905733109,
      0.2429464589804411,
      0.26280274987220764,
      0.28307550004683435,
      0.3065172079950571,
      0.32536687492392957,
      0.34605554211884737,
      0.37051591696217656,
      0.3845984579529613,
      0.4093784580472857,
      0.42822670796886086,
      0.4488389999605715,
      0.47133249999023974,
      0.4881935000885278,
      0.5092453330289572,
      0.5474617921281606
    ],
    "frob": [
      8.54449152843497,
      8.383347819467314,
      8.33998985585261,
      8.325856373481633,
      8.319971388175173,
      8.316692091145455,
      8.314760092873867,
      8.313555181474076,
      8.312743603189704,
      8.312161897858676,
      8.311726914332969,
      8.31139433552917,
      8.311138184027813,
      8.310940936295276,
      8.310789292437848,
      8.310672645356068,
      8.310582550459525,
      8.310512427674764,
      8.310457265362526,
      8.31041331206844,
      8.310377789352575,
      8.310348649084432,
      8.310324381553755,
      8.310303870128982,
      8.310286284047551,
      8.310271000537293
    ],
    "spec": [
      1.887651493544701,
      0.25821403649535424,
      0.12730660763197532,
      0.08891928165563301,
      0.06451635690416668,
      0.048080791590562555,
      0.0396572132454136,
      0.03276764738440985,
      0.02236758377654935,
      0.013372027115375662,
      0.00697044968231797,
      0.0028814404994597087,
      0.00030035217651458446,
      1e-10,
      1e-10,
      1e-10,
      1e-10,
      1e-10,
      1e-10,
      1e-10,
      1e-10,
      1e-10,
      1e-10,
      1e-10,
      1e-10,
      1e-10
    ],
    "pervec": [
      10.266215304163117,
      2.437870861914141,
      0.6873203937727439,
      0.4434604953437724,
      0.38066719616773403,
      0.29009826128534855,
      0.2024984245913272,
      0.18717327557281513,
      0.20735177584875436,
      0.19605981247786244,
      0.16457623623660642,
      0.15954897893763817,
      0.14870187577912417,
      0.1452171298727387,
      0.1353647455378398,
      0.12786335524234194,
      0.12544006870421565,
      0.1204427240476076,
      0.11405976659944464,
      0.10829432217034125,
      0.10651397258127511,
      0.104576345983259,
      0.10253315507809838,
      0.10042222291865295,
      0.09827270300235334,
      0.09610813929078346
    ]
  },
  "krylov": {
    "times": [
      0.03326608403585851,
      0.07843416696414351,
      0.1319102921988815,
      0.19392791716381907,
      0.2488436670973897,
      0.307738333940506,
      0.37410354102030396,
      0.42296070884913206,
      0.490448750089854,
      0.5589455000590533,
      0.6217256670352072,
      0.6839452080894262,
      0.7729763330426067,
      0.8389927910175174,
      0.946702792076394,
      1.0537387081421912,
      1.1603039170149714,
      1.2523961670231074,
      1.3300486248917878,
      1.387088832911104,
      1.5263081251177937,
      1.6078317910432816,
      1.715825540944934,
      1.7890357081778347,
      1.9259542908985168,
      2.040072957985103
    ],
    "frob": [
      8.54449152843497,
      8.368287143177715,
      8.325957908256429,
      8.314940735851538,
      8.311342046716016,
      8.31027799633148,
      8.310037267958014,
      8.309996835861854,
      8.3099919663921,
      8.309991508146823,
      8.309991472314358,
      8.30999146995315,
      8.309991469800213,
      8.309991469790113,
      8.309991469789583,
      8.309991469789553,
      8.309991469789551,
      8.309991469789551,
      8.309991469789551,
      8.309991469789551,
      8.309991469789551,
      8.309991469789551,
      8.309991469789551,
      8.309991469789551,
      8.309991469789551,
      8.309991469789551
    ],
    "spec": [
      1.8876514935447006,
      0.21276127976277137,
      0.0840878958881004,
      0.024275007559892092,
      1e-10,
      1e-10,
      1e-10,
      1e-10,
      1e-10,
      1e-10,
      1e-10,
      1e-10,
      1e-10,
      1e-10,
      1e-10,
      1e-10,
      1e-10,
      1e-10,
      1e-10,
      1e-10,
      1e-10,
      1e-10,
      1e-10,
      1e-10,
      1e-10,
      1e-10
    ],
    "pervec": [
      8.011540982399373,
      0.43747955404764294,
      0.21408354377381777,
      0.0928920792462089,
      0.03654456255301784,
      0.012973075371681351,
      0.0023829159380961418,
      0.00029348194200902293,
      3.088384967284297e-05,
      2.5342879136870434e-06,
      1.7361128695336855e-07,
      1.0144626537109787e-08,
      5.474446360227996e-10,
      1e-10,
      1e-10,
      1e-10,
      1e-10,
      1e-10,
      1e-10,
      1e-10,
      1e-10,
      1e-10,
      1e-10,
      1e-10,
      1e-10,
      1e-10
    ]
  },
  "m": 18846,
  "n": 15000,
  "k": 30,
  "nnz": 1010047,
  "spectral_gap": 1.0046879301350853
}