{
  "results": {
    "densities": [
      0.1,
      0.05,
      0.02,
      0.01,
      0.005,
      0.002,
      0.001
    ],
    "nnz": [
      60000000,
      30000000,
      12000000,
      6000000,
      3000000,
      1200000,
      600000
    ],
    "gaussian": [
      0.40844537504017353,
      0.3811052090022713,
      0.38075616606511176,
      0.3757137081120163,
      0.38448308408260345,
      0.49024645797908306,
      0.37805850012227893
    ],
    "countsketch": [
      0.05955358408391476,
      0.031358624808490276,
      0.013134374981746078,
      0.007021416211500764,
      0.004080540966242552,
      0.002245208015665412,
      0.0017234999686479568
    ],
    "sparse_sign": [
      0.08956799982115626,
      0.04425079212523997,
      0.019574000034481287,
      0.011464916868135333,
      0.0074407500214874744,
      0.0050716248806566,
      0.0038008750416338444
    ]
  },
  "m": 20000,
  "n": 30000,
  "l": 100,
  "sparsity_s": 4
}