{
  "q_values": [
    0,
    1,
    2,
    3,
    4,
    5,
    6,
    7,
    8,
    9,
    10,
    11,
    12,
    13,
    14,
    15,
    16,
    17,
    18,
    19,
    20,
    21,
    22,
    23,
    24,
    25
  ],
  "m": 2000,
  "n": 3000,
  "k": 30,
  "decay_rate": 0.5,
  "simul": {
    "time": [
      3.8873329758644104,
      8.101209066808224,
      12.155415955930948,
      17.683957936242223,
      22.25533383898437,
      26.63379185833037,
      31.14441712386906,
      35.38599982857704,
      40.525833843275905,
      111.5954159758985,
      64.39849990420043,
      51.71754211187363,
      57.589625008404255,
      61.797999776899815,
      69.67154215089977,
      70.89049997739494,
      82.20237493515015,
      80.51254088059068,
      85.61266702599823,
      91.29699994809926,
      97.99337503500283,
      98.79691689275205,
      103.7832498550415,
      109.72970793955028,
      110.47762492671609,
      117.06633307039738
    ],
    "frob": [
      0.18772667666277698,
      0.023071893441547475,
      0.008402879892117854,
      0.004533202875112385,
      0.0029947537514902756,
      0.0022497687573936886,
      0.001833975023853851,
      0.0015676482235098543,
      0.001371836412438876,
      0.0012098747940032517,
      0.0010657706179690862,
      0.0009346557407707845,
      0.0008171487955428436,
      0.0007153488247058082,
      0.0006303922062804723,
      0.0005616712664879842,
      0.00050720822065764,
      0.00046441437725430745,
      0.00043071544846529086,
      0.0004038890388433636,
      0.0003821688611056473,
      0.0003642187793295726,
      0.00034905583486599667,
      0.0003359660270427778,
      0.0003244313627808193,
      0.00031407305964359367
    ],
    "spec": [
      1.544156117577535,
      0.2353234470724097,
      0.13602800052043618,
      0.07796861790487686,
      0.061915889152651005,
      0.05682922367647847,
      0.05189519225941441,
      0.04554476095344917,
      0.03787627532583304,
      0.029796378517360722,
      0.022933080560652908,
      0.018790655345508167,
      0.01749850627392502,
      0.017859359687616205,
      0.018602640932525283,
      0.01909000395413818,
      0.019183698258596227,
      0.01894924138349019,
      0.01849062810490798,
      0.017895238385577494,
      0.017224925386463585,
      0.016520336856401308,
      0.015806953865326934,
      0.015099930789801874,
      0.014407475349799359,
      0.013733109240396502
    ],
    "pervec": [
      26.7556993078533,
      5.175691638469264,
      5.144971483745162,
      4.3553891189921385,
      3.630420309628866,
      2.753106985286318,
      1.7391252488699391,
      1.2349409305066645,
      1.112361763951406,
      0.9607497627797998,
      0.7916621107198869,
      0.73655549157658,
      0.7337515785299268,
      0.7307252562442936,
      0.7271414927639182,
      0.7226391329274559,
      0.7168041482629519,
      0.7091422270182091,
      0.6990559879299603,
      0.6858326387192869,
      0.6686514363890713,
      0.6466247437223401,
      0.6188890593727528,
      0.5847582709845942,
      0.5439341458389064,
      0.49673545024083315
    ]
  },
  "krylov": {
    "time": [
      7.073875050991774,
      16.409500036388636,
      27.473832946270704,
      39.69345800578594,
      48.10658283531666,
      58.33945912308991,
      67.7755840588361,
      79.39508301205933,
      88.91345886513591,
      114.34000008739531,
      161.2429169472307,
      123.52820788510144,
      133.67475010454655,
      141.25137496739626,
      153.35541684180498,
      171.0823338944465,
      202.1475420333445,
      194.3260410334915,
      209.3075830489397,
      248.66295815445483,
      248.02029109559953,
      250.10424992069602,
      268.3618750888854,
      272.5115001667291,
      299.9184997752309,
      318.66041710600257
    ],
    "frob": [
      0.1877266766627772,
      0.01815237193738639,
      0.0020906566571929908,
      0.00011237752810777657,
      2.902123582337879e-06,
      3.392773684218753e-08,
      2.534359389017027e-10,
      1.7625900738948985e-12,
      1e-14,
      1e-14,
      1e-14,
      1e-14,
      1e-14,
      1e-14,
      1e-14,
      1e-14,
      1e-14,
      1e-14,
      1e-14,
      1e-14,
      1e-14,
      1e-14,
      1e-14,
      1e-14,
      1e-14,
      1e-14
    ],
    "spec": [
      1.544156117577535,
      0.2079262874864236,
      0.005003183791768562,
      1e-14,
      1e-14,
      1e-14,
      1e-14,
      1e-14,
      1e-14,
      1e-14,
      1e-14,
      1e-14,
      1e-14,
      1e-14,
      1e-14,
      1e-14,
      1e-14,
      1e-14,
      1e-14,
      1e-14,
      1e-14,
      1e-14,
      1e-14,
      1e-14,
      1e-14,
      1e-14
    ],
    "pervec": [
      4.738107067893383,
      0.4285166501329428,
      0.0915506411862742,
      0.007440849638012384,
      0.000300507546821066,
      4.229316453246978e-06,
      3.490182484688908e-08,
      2.3937823945274767e-10,
      1.2353520983943154e-12,
      6.883382752675969e-14,
      2.7533531010703876e-14,
      6.883382752675969e-14,
      2.7533531010703876e-14,
      2.925437669887287e-14,
      4.130029651605582e-14,
      2.7533531010703876e-14,
      4.130029651605582e-14,
      2.7533531010703876e-14,
      4.130029651605582e-14,
      6.883382752675969e-14,
      1.6348034037605427e-14,
      3.4416913763379846e-14,
      1.8929302569858916e-14,
      4.130029651605582e-14,
      2.7533531010703876e-14,
      4.130029651605582e-14
    ]
  }
}